<?xml version="1.0" encoding="UTF-8" ?>
<odoo>
    <data>
        <record id="attendance_mail_hq1" model="mail.template">
            <field name="name">Leaves Reminder Email</field>
            <field name="model_id" ref="hq17_customization.model_custom_model"/>
            <field name="subject">Reminder: Leaves status</field>
            <field name="email_from">minahil.tariq@axiomworld.net</field>
            <field name="partner_to">{{ object.partner_email }}</field>

            <field name="description">Leaves Balance Reminder Mail</field>
            <field name="body_html" type="html">
                <div>
                    <p>
                        <p style="margin: 0px;">Hello,
                        </p>
                        <br/>
                        Hope you are doing fine.
                        <br/>
                        <br/>
                        This is to inform you that you have utilized the following leaves balance during the month of (Month) 2024
                        <br/>
                        Leaves Availed:
                        <br/>
                        Leaves Balance:
                        <br/>
                        <br/>
                        Thank You.
                        <br/>

                        Regards,
                        <br/>
                        Minahil Tariq
                        <br/>
                        HR Executive
                        <br/>
                        Axiom World (Pvt.) Ltd
                        <br/>


                        <br/>


                    </p>
                </div>
            </field>
        </record>
    </data>
</odoo>


