<?xml version="1.0" encoding="utf-8"?>
<odoo>
    <data>
        <record id="ir_cron_custom_method" model="ir.cron">
            <field name="name">Custom Method Monthly Scheduler</field>
            <field name="model_id" ref="model_custom_model"/>
            <field name="state">code</field>
            <field name="code">model.send_leave_reminder_emails()</field>
            <field name="interval_type">months</field>
            <field name="interval_number">1</field>
            <!-- Specify the next execution date to be the 1st day of the next month -->
            <field name="nextcall" eval="datetime.now() + relativedelta(day=1, months=1)"/>
            <field name="numbercall">-1</field>
            <field name="doall" eval="False"/>
            <field name="active" eval="True"/>
        </record>

    </data>
</odoo>



